{"means": [49.92030859049208, 51.38680150125104], "stds": [33.89900387562018, 35.175358617384944]}